profile,n,pearson,spearman,attempted,top_2_hit_rate,top_3_hit_rate,mae,bias,bias_corrected_mae,loo_bias_corrected_mae,median_absolute_error,avg_runtime_seconds,max_runtime_seconds,failure_rate,source_sha256s
s6e7_fast_medium_xgb_seed123_balanced_10m,36,0.1319799089985928,0.39238683647449135,36,0.0,0.3333333333333333,0.000504410563037399,0.0004910882654532681,0.000255425163408959,0.0002627230252206435,0.0003630571830223195,36.57346089018716,120.03690671920776,0.0,117e38ebe54ee5691eac05df30e6d47ec4b7e9232cffc18786c6f40bb5959bed;f658c401567a3af2b19f2defd5a949c75490deedd388482eea8e82c8bd36aafb;48bdb4a69c741508967a1861e266e4a5b838c96556aef7ebf2717428c93b8283;b07a3b527ab89743affa724b885ee944d16eb8516f882afdb7bf38699a201c8e;6ee4d20d42d03e2403efe04ab1167ec3225cc4e47b769fddcb265b40da479297;b6fa5e20095649338026dd3dd8474aa9d3213987771bf77ecd2c9dbd9fb4e307;d636c26363e211403d010b96fca7703e9d58cc2feab464064625ce55c78e76b7;213a41e609e22c1512a718d17443b70854b5644790eca225789d6b7a4696432e;410377cff7972f590032f6e2d44791079f60b5f953b9bbdfcb119959935e1f13;45edb4b471279eb91aeaa17f3cb5c22842d749fc6b9cacc3b4ded81139c4f184;1576dac61e6940f4d43b805d97114ae7907f0362c36d85adba7eefb6609d40e1;9f5a6e6e5d4a1dd5ad2cfda8b636e9d1e932d965360fd78cddd256db350fe4ea;5d49507484983b645be5609197a5b2d3921d6ce1e4ee80f3854c54627907b4de;b473cc26307f2612b3851f3be08b380800928a7ace2b5aef8639ad63d11d1066;04f2695bd85d4b81687ea4f5de81d8d4a1cfd43011a54d53062b0a429209a887;f26e4d0a1755c73beed989d273437cf2e945b12da53bc4b9c5b8b0b1888a4014;8e0b2b0ba707fabae5ae6c17492b655f48cebabc29d42352b8121f2b99062daf;f53e3c608f714b7e6737b6f53b17d0335e9be49296053a810a7928f61c14a946;3e293d6e905e353d9551ccd4494ea32e51d373d4610bcd45e09e399123243401;1752e5166e389cf96d0aa59143781fbdb4209b3385f7efafaab9743ccdec3aea;6e0cbf98b494f17d25537aa29c5e075c2ef4fda3d697219a764616550cbe0461;0c752251dbed7d265137b9f3822e77eaacdfe37ef2a4e73c8e5851df914ae1da;ba8a954dd27730de2c1b38902768a7e4f0d79ce05e940a94068329d68e71b994;40dffa8dc84538fd54a1d30a1c448e773d40281895bf78ea083053b0a496fdef;4d2b8df1653886934840da10e99c2f363b03163a31c2949c1daec2c6c983e601;1070897a05ac088919acd4c321348963dd2ef669c4a740b4209e212ebd5296d8;9ea9601b9aca0b20f236bb624e4c4c1b46ef23c19a757339266211bacd967e1a;37d9182d5dbd3265f188b7f1684b2d10c63aed282e483fe824330fe216afae03;1cd182c6b3b227a1997eb9b165d332a082376692495ac9c2f1a20719062f14c5;8902dcada4239e544ac42af80dc37634240dc65be4a4845b6cd1d280ea40c530;442fb07ba2688f91593ec497638babe797d98da5ef9053f225618570cb9e57a7;cdc4cd52a12fc57152ea36838f9ce7657ff8565c9795f423d40c25af22ae8bde;0c8ec5b2fdc251164e95ab145577bf5ba55cc15d0d32785f22d23bd4e326119a;b4711cf694f476cef6caa32e92aef114502684a1913cc0321f9e7b210ceadad5;8f8dd1a79a63222f85a2a0bbcae7d6bfd4a795ec9eaf466712d6c0b835eba6e3;039b238c678d7cf2ad59a12a35042a89d2eada4f0379781e6688781796be5da2
s6e7_fast_medium_noensemble_balanced_seed123_10m,30,0.42212493385442146,0.4735481116765479,30,0.0,0.3333333333333333,0.0004941522365845626,0.0004941522365845626,0.00020628655408735152,0.0002133998835386395,0.0003835799255236805,75.45518201986948,125.02724266052246,0.0,117e38ebe54ee5691eac05df30e6d47ec4b7e9232cffc18786c6f40bb5959bed;f658c401567a3af2b19f2defd5a949c75490deedd388482eea8e82c8bd36aafb;48bdb4a69c741508967a1861e266e4a5b838c96556aef7ebf2717428c93b8283;b07a3b527ab89743affa724b885ee944d16eb8516f882afdb7bf38699a201c8e;45edb4b471279eb91aeaa17f3cb5c22842d749fc6b9cacc3b4ded81139c4f184;6ee4d20d42d03e2403efe04ab1167ec3225cc4e47b769fddcb265b40da479297;b6fa5e20095649338026dd3dd8474aa9d3213987771bf77ecd2c9dbd9fb4e307;d636c26363e211403d010b96fca7703e9d58cc2feab464064625ce55c78e76b7;213a41e609e22c1512a718d17443b70854b5644790eca225789d6b7a4696432e;410377cff7972f590032f6e2d44791079f60b5f953b9bbdfcb119959935e1f13;9f5a6e6e5d4a1dd5ad2cfda8b636e9d1e932d965360fd78cddd256db350fe4ea;5d49507484983b645be5609197a5b2d3921d6ce1e4ee80f3854c54627907b4de;b473cc26307f2612b3851f3be08b380800928a7ace2b5aef8639ad63d11d1066;1752e5166e389cf96d0aa59143781fbdb4209b3385f7efafaab9743ccdec3aea;3e293d6e905e353d9551ccd4494ea32e51d373d4610bcd45e09e399123243401;f53e3c608f714b7e6737b6f53b17d0335e9be49296053a810a7928f61c14a946;04f2695bd85d4b81687ea4f5de81d8d4a1cfd43011a54d53062b0a429209a887;f26e4d0a1755c73beed989d273437cf2e945b12da53bc4b9c5b8b0b1888a4014;8e0b2b0ba707fabae5ae6c17492b655f48cebabc29d42352b8121f2b99062daf;4d2b8df1653886934840da10e99c2f363b03163a31c2949c1daec2c6c983e601;1070897a05ac088919acd4c321348963dd2ef669c4a740b4209e212ebd5296d8;9ea9601b9aca0b20f236bb624e4c4c1b46ef23c19a757339266211bacd967e1a;37d9182d5dbd3265f188b7f1684b2d10c63aed282e483fe824330fe216afae03;1cd182c6b3b227a1997eb9b165d332a082376692495ac9c2f1a20719062f14c5;8902dcada4239e544ac42af80dc37634240dc65be4a4845b6cd1d280ea40c530;cdc4cd52a12fc57152ea36838f9ce7657ff8565c9795f423d40c25af22ae8bde;0c8ec5b2fdc251164e95ab145577bf5ba55cc15d0d32785f22d23bd4e326119a;039b238c678d7cf2ad59a12a35042a89d2eada4f0379781e6688781796be5da2;b4711cf694f476cef6caa32e92aef114502684a1913cc0321f9e7b210ceadad5;8f8dd1a79a63222f85a2a0bbcae7d6bfd4a795ec9eaf466712d6c0b835eba6e3
s6e7_fast_medium_gbmcat_noensemble_balanced_10m,30,0.6036076543113625,0.4509301800203588,30,0.0,0.0,0.00046191946464440393,0.00046191946464440393,0.00018428871984061486,0.0001906435032833947,0.00040204400409266094,40.35130256017049,73.02172589302063,0.0,117e38ebe54ee5691eac05df30e6d47ec4b7e9232cffc18786c6f40bb5959bed;f658c401567a3af2b19f2defd5a949c75490deedd388482eea8e82c8bd36aafb;48bdb4a69c741508967a1861e266e4a5b838c96556aef7ebf2717428c93b8283;b07a3b527ab89743affa724b885ee944d16eb8516f882afdb7bf38699a201c8e;45edb4b471279eb91aeaa17f3cb5c22842d749fc6b9cacc3b4ded81139c4f184;6ee4d20d42d03e2403efe04ab1167ec3225cc4e47b769fddcb265b40da479297;b6fa5e20095649338026dd3dd8474aa9d3213987771bf77ecd2c9dbd9fb4e307;d636c26363e211403d010b96fca7703e9d58cc2feab464064625ce55c78e76b7;213a41e609e22c1512a718d17443b70854b5644790eca225789d6b7a4696432e;410377cff7972f590032f6e2d44791079f60b5f953b9bbdfcb119959935e1f13;9f5a6e6e5d4a1dd5ad2cfda8b636e9d1e932d965360fd78cddd256db350fe4ea;5d49507484983b645be5609197a5b2d3921d6ce1e4ee80f3854c54627907b4de;b473cc26307f2612b3851f3be08b380800928a7ace2b5aef8639ad63d11d1066;1752e5166e389cf96d0aa59143781fbdb4209b3385f7efafaab9743ccdec3aea;3e293d6e905e353d9551ccd4494ea32e51d373d4610bcd45e09e399123243401;f53e3c608f714b7e6737b6f53b17d0335e9be49296053a810a7928f61c14a946;04f2695bd85d4b81687ea4f5de81d8d4a1cfd43011a54d53062b0a429209a887;f26e4d0a1755c73beed989d273437cf2e945b12da53bc4b9c5b8b0b1888a4014;8e0b2b0ba707fabae5ae6c17492b655f48cebabc29d42352b8121f2b99062daf;4d2b8df1653886934840da10e99c2f363b03163a31c2949c1daec2c6c983e601;1070897a05ac088919acd4c321348963dd2ef669c4a740b4209e212ebd5296d8;9ea9601b9aca0b20f236bb624e4c4c1b46ef23c19a757339266211bacd967e1a;37d9182d5dbd3265f188b7f1684b2d10c63aed282e483fe824330fe216afae03;1cd182c6b3b227a1997eb9b165d332a082376692495ac9c2f1a20719062f14c5;8902dcada4239e544ac42af80dc37634240dc65be4a4845b6cd1d280ea40c530;cdc4cd52a12fc57152ea36838f9ce7657ff8565c9795f423d40c25af22ae8bde;0c8ec5b2fdc251164e95ab145577bf5ba55cc15d0d32785f22d23bd4e326119a;039b238c678d7cf2ad59a12a35042a89d2eada4f0379781e6688781796be5da2;b4711cf694f476cef6caa32e92aef114502684a1913cc0321f9e7b210ceadad5;8f8dd1a79a63222f85a2a0bbcae7d6bfd4a795ec9eaf466712d6c0b835eba6e3
s6e7_fast_medium_gbmcat_seed123_noensemble_balanced_10m,30,0.43367862480035124,0.37952148336040076,30,0.0,0.3333333333333333,0.0002749093537784297,0.0002331045705328864,0.0002064463135487883,0.00021356515194702238,0.00022033076315147726,54.88607885042826,103.02421641349792,0.0,117e38ebe54ee5691eac05df30e6d47ec4b7e9232cffc18786c6f40bb5959bed;45edb4b471279eb91aeaa17f3cb5c22842d749fc6b9cacc3b4ded81139c4f184;f658c401567a3af2b19f2defd5a949c75490deedd388482eea8e82c8bd36aafb;b07a3b527ab89743affa724b885ee944d16eb8516f882afdb7bf38699a201c8e;6ee4d20d42d03e2403efe04ab1167ec3225cc4e47b769fddcb265b40da479297;b6fa5e20095649338026dd3dd8474aa9d3213987771bf77ecd2c9dbd9fb4e307;d636c26363e211403d010b96fca7703e9d58cc2feab464064625ce55c78e76b7;213a41e609e22c1512a718d17443b70854b5644790eca225789d6b7a4696432e;410377cff7972f590032f6e2d44791079f60b5f953b9bbdfcb119959935e1f13;48bdb4a69c741508967a1861e266e4a5b838c96556aef7ebf2717428c93b8283;1752e5166e389cf96d0aa59143781fbdb4209b3385f7efafaab9743ccdec3aea;3e293d6e905e353d9551ccd4494ea32e51d373d4610bcd45e09e399123243401;f53e3c608f714b7e6737b6f53b17d0335e9be49296053a810a7928f61c14a946;04f2695bd85d4b81687ea4f5de81d8d4a1cfd43011a54d53062b0a429209a887;f26e4d0a1755c73beed989d273437cf2e945b12da53bc4b9c5b8b0b1888a4014;8e0b2b0ba707fabae5ae6c17492b655f48cebabc29d42352b8121f2b99062daf;b473cc26307f2612b3851f3be08b380800928a7ace2b5aef8639ad63d11d1066;5d49507484983b645be5609197a5b2d3921d6ce1e4ee80f3854c54627907b4de;9f5a6e6e5d4a1dd5ad2cfda8b636e9d1e932d965360fd78cddd256db350fe4ea;4d2b8df1653886934840da10e99c2f363b03163a31c2949c1daec2c6c983e601;1070897a05ac088919acd4c321348963dd2ef669c4a740b4209e212ebd5296d8;37d9182d5dbd3265f188b7f1684b2d10c63aed282e483fe824330fe216afae03;1cd182c6b3b227a1997eb9b165d332a082376692495ac9c2f1a20719062f14c5;8902dcada4239e544ac42af80dc37634240dc65be4a4845b6cd1d280ea40c530;9ea9601b9aca0b20f236bb624e4c4c1b46ef23c19a757339266211bacd967e1a;039b238c678d7cf2ad59a12a35042a89d2eada4f0379781e6688781796be5da2;b4711cf694f476cef6caa32e92aef114502684a1913cc0321f9e7b210ceadad5;0c8ec5b2fdc251164e95ab145577bf5ba55cc15d0d32785f22d23bd4e326119a;8f8dd1a79a63222f85a2a0bbcae7d6bfd4a795ec9eaf466712d6c0b835eba6e3;cdc4cd52a12fc57152ea36838f9ce7657ff8565c9795f423d40c25af22ae8bde
s6e7_fast_medium_noensemble_balanced_10m,23,0.4077740480052051,0.44757671151174117,23,0.0,0.0,0.0005201202073477219,0.0005201202073477219,0.00023391332938670328,0.00024454575344973526,0.0004398988637365209,51.23658203042072,80.02185845375061,0.0,117e38ebe54ee5691eac05df30e6d47ec4b7e9232cffc18786c6f40bb5959bed;f658c401567a3af2b19f2defd5a949c75490deedd388482eea8e82c8bd36aafb;48bdb4a69c741508967a1861e266e4a5b838c96556aef7ebf2717428c93b8283;b07a3b527ab89743affa724b885ee944d16eb8516f882afdb7bf38699a201c8e;45edb4b471279eb91aeaa17f3cb5c22842d749fc6b9cacc3b4ded81139c4f184;6ee4d20d42d03e2403efe04ab1167ec3225cc4e47b769fddcb265b40da479297;b6fa5e20095649338026dd3dd8474aa9d3213987771bf77ecd2c9dbd9fb4e307;d636c26363e211403d010b96fca7703e9d58cc2feab464064625ce55c78e76b7;213a41e609e22c1512a718d17443b70854b5644790eca225789d6b7a4696432e;410377cff7972f590032f6e2d44791079f60b5f953b9bbdfcb119959935e1f13;9f5a6e6e5d4a1dd5ad2cfda8b636e9d1e932d965360fd78cddd256db350fe4ea;5d49507484983b645be5609197a5b2d3921d6ce1e4ee80f3854c54627907b4de;b473cc26307f2612b3851f3be08b380800928a7ace2b5aef8639ad63d11d1066;1752e5166e389cf96d0aa59143781fbdb4209b3385f7efafaab9743ccdec3aea;3e293d6e905e353d9551ccd4494ea32e51d373d4610bcd45e09e399123243401;f53e3c608f714b7e6737b6f53b17d0335e9be49296053a810a7928f61c14a946;4d2b8df1653886934840da10e99c2f363b03163a31c2949c1daec2c6c983e601;1070897a05ac088919acd4c321348963dd2ef669c4a740b4209e212ebd5296d8;9ea9601b9aca0b20f236bb624e4c4c1b46ef23c19a757339266211bacd967e1a;cdc4cd52a12fc57152ea36838f9ce7657ff8565c9795f423d40c25af22ae8bde;0c8ec5b2fdc251164e95ab145577bf5ba55cc15d0d32785f22d23bd4e326119a;039b238c678d7cf2ad59a12a35042a89d2eada4f0379781e6688781796be5da2;b4711cf694f476cef6caa32e92aef114502684a1913cc0321f9e7b210ceadad5
s6e7_fast_medium_xgb_seed123_holdout25_balanced_10m,19,0.06197867872101996,-0.010600855623697876,19,0.0,0.0,0.0003173389369990401,0.00015309706921778034,0.0002931657155436011,0.0003094526997404678,0.00027030264715521835,21.067486675162066,29.017282485961914,0.0,117e38ebe54ee5691eac05df30e6d47ec4b7e9232cffc18786c6f40bb5959bed;45edb4b471279eb91aeaa17f3cb5c22842d749fc6b9cacc3b4ded81139c4f184;f658c401567a3af2b19f2defd5a949c75490deedd388482eea8e82c8bd36aafb;b07a3b527ab89743affa724b885ee944d16eb8516f882afdb7bf38699a201c8e;48bdb4a69c741508967a1861e266e4a5b838c96556aef7ebf2717428c93b8283;6ee4d20d42d03e2403efe04ab1167ec3225cc4e47b769fddcb265b40da479297;1752e5166e389cf96d0aa59143781fbdb4209b3385f7efafaab9743ccdec3aea;3e293d6e905e353d9551ccd4494ea32e51d373d4610bcd45e09e399123243401;f53e3c608f714b7e6737b6f53b17d0335e9be49296053a810a7928f61c14a946;b473cc26307f2612b3851f3be08b380800928a7ace2b5aef8639ad63d11d1066;5d49507484983b645be5609197a5b2d3921d6ce1e4ee80f3854c54627907b4de;9f5a6e6e5d4a1dd5ad2cfda8b636e9d1e932d965360fd78cddd256db350fe4ea;4d2b8df1653886934840da10e99c2f363b03163a31c2949c1daec2c6c983e601;1070897a05ac088919acd4c321348963dd2ef669c4a740b4209e212ebd5296d8;9ea9601b9aca0b20f236bb624e4c4c1b46ef23c19a757339266211bacd967e1a;039b238c678d7cf2ad59a12a35042a89d2eada4f0379781e6688781796be5da2;b4711cf694f476cef6caa32e92aef114502684a1913cc0321f9e7b210ceadad5;0c8ec5b2fdc251164e95ab145577bf5ba55cc15d0d32785f22d23bd4e326119a;cdc4cd52a12fc57152ea36838f9ce7657ff8565c9795f423d40c25af22ae8bde
s6e7_align_holdout_balanced_gpu_10m,12,0.5577723223671246,0.325744807777331,12,0.0,0.0,0.0006448519002624961,0.0006448519002624961,0.00020940683290091947,0.00022844381771009397,0.0006322435083351841,55.26932911078135,67.02074098587036,0.0,117e38ebe54ee5691eac05df30e6d47ec4b7e9232cffc18786c6f40bb5959bed;f658c401567a3af2b19f2defd5a949c75490deedd388482eea8e82c8bd36aafb;48bdb4a69c741508967a1861e266e4a5b838c96556aef7ebf2717428c93b8283;b07a3b527ab89743affa724b885ee944d16eb8516f882afdb7bf38699a201c8e;9f5a6e6e5d4a1dd5ad2cfda8b636e9d1e932d965360fd78cddd256db350fe4ea;5d49507484983b645be5609197a5b2d3921d6ce1e4ee80f3854c54627907b4de;b473cc26307f2612b3851f3be08b380800928a7ace2b5aef8639ad63d11d1066;1070897a05ac088919acd4c321348963dd2ef669c4a740b4209e212ebd5296d8;4d2b8df1653886934840da10e99c2f363b03163a31c2949c1daec2c6c983e601;9ea9601b9aca0b20f236bb624e4c4c1b46ef23c19a757339266211bacd967e1a;cdc4cd52a12fc57152ea36838f9ce7657ff8565c9795f423d40c25af22ae8bde;0c8ec5b2fdc251164e95ab145577bf5ba55cc15d0d32785f22d23bd4e326119a
s6e7_fast_medium_xgb_seed123_holdout30_balanced_10m,12,-0.08040215731131285,-0.27160874010583463,12,0.0,0.0,0.00028408098469522486,-0.00015163468963757162,0.0002377391455314811,0.0002593517951252521,0.0003342206082868615,34.09926527738571,56.02021312713623,0.0,117e38ebe54ee5691eac05df30e6d47ec4b7e9232cffc18786c6f40bb5959bed;45edb4b471279eb91aeaa17f3cb5c22842d749fc6b9cacc3b4ded81139c4f184;f658c401567a3af2b19f2defd5a949c75490deedd388482eea8e82c8bd36aafb;b07a3b527ab89743affa724b885ee944d16eb8516f882afdb7bf38699a201c8e;1752e5166e389cf96d0aa59143781fbdb4209b3385f7efafaab9743ccdec3aea;3e293d6e905e353d9551ccd4494ea32e51d373d4610bcd45e09e399123243401;f53e3c608f714b7e6737b6f53b17d0335e9be49296053a810a7928f61c14a946;4d2b8df1653886934840da10e99c2f363b03163a31c2949c1daec2c6c983e601;1070897a05ac088919acd4c321348963dd2ef669c4a740b4209e212ebd5296d8;039b238c678d7cf2ad59a12a35042a89d2eada4f0379781e6688781796be5da2;b4711cf694f476cef6caa32e92aef114502684a1913cc0321f9e7b210ceadad5;0c8ec5b2fdc251164e95ab145577bf5ba55cc15d0d32785f22d23bd4e326119a
s6e7_fast_medium_gbm_seed123_noensemble_balanced_10m,11,0.20089138252457445,0.1095890410958904,11,0.0,0.3333333333333333,0.00027687271123238484,0.0002013331169615773,0.00028043615430586107,0.00030847976973644723,0.00015130976764199389,38.10891682451422,60.02095651626587,0.0,45edb4b471279eb91aeaa17f3cb5c22842d749fc6b9cacc3b4ded81139c4f184;f658c401567a3af2b19f2defd5a949c75490deedd388482eea8e82c8bd36aafb;b07a3b527ab89743affa724b885ee944d16eb8516f882afdb7bf38699a201c8e;1752e5166e389cf96d0aa59143781fbdb4209b3385f7efafaab9743ccdec3aea;3e293d6e905e353d9551ccd4494ea32e51d373d4610bcd45e09e399123243401;f53e3c608f714b7e6737b6f53b17d0335e9be49296053a810a7928f61c14a946;5d49507484983b645be5609197a5b2d3921d6ce1e4ee80f3854c54627907b4de;4d2b8df1653886934840da10e99c2f363b03163a31c2949c1daec2c6c983e601;1070897a05ac088919acd4c321348963dd2ef669c4a740b4209e212ebd5296d8;039b238c678d7cf2ad59a12a35042a89d2eada4f0379781e6688781796be5da2;b4711cf694f476cef6caa32e92aef114502684a1913cc0321f9e7b210ceadad5
s6e7_fast_medium_holdout30_noensemble_balanced_10m,10,-0.19026587141973075,-0.16463414634146342,10,0.0,0.3333333333333333,0.0004182784847502452,0.0003160007827946121,0.00031582370737097686,0.0003509152304121965,0.00037566484637835407,59.119482088088986,102.02423071861267,0.0,45edb4b471279eb91aeaa17f3cb5c22842d749fc6b9cacc3b4ded81139c4f184;9f5a6e6e5d4a1dd5ad2cfda8b636e9d1e932d965360fd78cddd256db350fe4ea;1752e5166e389cf96d0aa59143781fbdb4209b3385f7efafaab9743ccdec3aea;3e293d6e905e353d9551ccd4494ea32e51d373d4610bcd45e09e399123243401;f53e3c608f714b7e6737b6f53b17d0335e9be49296053a810a7928f61c14a946;4d2b8df1653886934840da10e99c2f363b03163a31c2949c1daec2c6c983e601;1070897a05ac088919acd4c321348963dd2ef669c4a740b4209e212ebd5296d8;cdc4cd52a12fc57152ea36838f9ce7657ff8565c9795f423d40c25af22ae8bde;039b238c678d7cf2ad59a12a35042a89d2eada4f0379781e6688781796be5da2;b4711cf694f476cef6caa32e92aef114502684a1913cc0321f9e7b210ceadad5
s6e7_fast_medium_cat_seed42_noensemble_balanced_10m,9,0.32914846341314846,0.18410202992625907,9,0.0,0.0,0.0002376491877355496,-0.00012300946509696202,0.00023301964550353842,0.0002621471011914807,0.00011925325057371428,22.015275796254475,30.018291473388672,0.0,45edb4b471279eb91aeaa17f3cb5c22842d749fc6b9cacc3b4ded81139c4f184;f658c401567a3af2b19f2defd5a949c75490deedd388482eea8e82c8bd36aafb;b07a3b527ab89743affa724b885ee944d16eb8516f882afdb7bf38699a201c8e;1752e5166e389cf96d0aa59143781fbdb4209b3385f7efafaab9743ccdec3aea;3e293d6e905e353d9551ccd4494ea32e51d373d4610bcd45e09e399123243401;f53e3c608f714b7e6737b6f53b17d0335e9be49296053a810a7928f61c14a946;4d2b8df1653886934840da10e99c2f363b03163a31c2949c1daec2c6c983e601;039b238c678d7cf2ad59a12a35042a89d2eada4f0379781e6688781796be5da2;b4711cf694f476cef6caa32e92aef114502684a1913cc0321f9e7b210ceadad5
s6e7_fast_medium_gbmcat_seed123_holdout25_balanced_10m,7,0.19321120716019027,0.4642857142857143,7,1.0,0.6666666666666666,0.0003799031123936171,-0.00012544913847543717,0.0003651219347603145,0.0004259755905537002,0.0003712565117846012,44.589193207877024,60.01953148841858,0.0,f658c401567a3af2b19f2defd5a949c75490deedd388482eea8e82c8bd36aafb;b07a3b527ab89743affa724b885ee944d16eb8516f882afdb7bf38699a201c8e;9f5a6e6e5d4a1dd5ad2cfda8b636e9d1e932d965360fd78cddd256db350fe4ea;1752e5166e389cf96d0aa59143781fbdb4209b3385f7efafaab9743ccdec3aea;5d49507484983b645be5609197a5b2d3921d6ce1e4ee80f3854c54627907b4de;4d2b8df1653886934840da10e99c2f363b03163a31c2949c1daec2c6c983e601;1070897a05ac088919acd4c321348963dd2ef669c4a740b4209e212ebd5296d8
s6e7_fast_medium_cat_seed123_noensemble_balanced_10m,7,0.030987202095482794,-0.19820624179302296,7,0.0,0.0,0.0002697645172671554,-0.00016714970743603175,0.0002576386763311067,0.0003005784557196245,0.00020184108910803467,24.159031084605626,32.01552724838257,0.0,45edb4b471279eb91aeaa17f3cb5c22842d749fc6b9cacc3b4ded81139c4f184;1752e5166e389cf96d0aa59143781fbdb4209b3385f7efafaab9743ccdec3aea;3e293d6e905e353d9551ccd4494ea32e51d373d4610bcd45e09e399123243401;f53e3c608f714b7e6737b6f53b17d0335e9be49296053a810a7928f61c14a946;4d2b8df1653886934840da10e99c2f363b03163a31c2949c1daec2c6c983e601;039b238c678d7cf2ad59a12a35042a89d2eada4f0379781e6688781796be5da2;b4711cf694f476cef6caa32e92aef114502684a1913cc0321f9e7b210ceadad5
xgb_medium_gpu_balanced_10m,6,-0.9752942427274645,-0.9710083124552245,6,0.0,0.0,0.0004603879187954722,0.00023039810934359176,0.0004603879187954722,0.0005524655025545666,0.0002610277391105198,21.014666080474854,31.01696491241455,0.0,f658c401567a3af2b19f2defd5a949c75490deedd388482eea8e82c8bd36aafb;9f5a6e6e5d4a1dd5ad2cfda8b636e9d1e932d965360fd78cddd256db350fe4ea;5d49507484983b645be5609197a5b2d3921d6ce1e4ee80f3854c54627907b4de;4d2b8df1653886934840da10e99c2f363b03163a31c2949c1daec2c6c983e601;1070897a05ac088919acd4c321348963dd2ef669c4a740b4209e212ebd5296d8;cdc4cd52a12fc57152ea36838f9ce7657ff8565c9795f423d40c25af22ae8bde
s6e7_fast_medium_gbmcat_seed777_noensemble_balanced_10m,5,0.5230516388318848,0.3,5,0.5,0.6666666666666666,0.0004769899080991458,0.0004769899080991458,0.0003399242527454582,0.0004249053159318228,0.0006563058199042793,28.416069793701173,32.01604104042053,0.0,f658c401567a3af2b19f2defd5a949c75490deedd388482eea8e82c8bd36aafb;9f5a6e6e5d4a1dd5ad2cfda8b636e9d1e932d965360fd78cddd256db350fe4ea;1752e5166e389cf96d0aa59143781fbdb4209b3385f7efafaab9743ccdec3aea;5d49507484983b645be5609197a5b2d3921d6ce1e4ee80f3854c54627907b4de;4d2b8df1653886934840da10e99c2f363b03163a31c2949c1daec2c6c983e601
s6e7_align_agval_balanced_gpu_10m,4,0.4021674774053898,0.4,4,0.5,1.0,0.006518876059308287,0.006518876059308287,0.0002901249354001212,0.00038683324720016144,0.006669141320933769,27.26726007461548,30.018977403640747,0.0,9f5a6e6e5d4a1dd5ad2cfda8b636e9d1e932d965360fd78cddd256db350fe4ea;4d2b8df1653886934840da10e99c2f363b03163a31c2949c1daec2c6c983e601;1070897a05ac088919acd4c321348963dd2ef669c4a740b4209e212ebd5296d8;cdc4cd52a12fc57152ea36838f9ce7657ff8565c9795f423d40c25af22ae8bde
s6e7_fast_medium_noensemble_balanced_seed7_10m,4,-0.7825403988121317,-0.8,4,0.0,0.6666666666666666,0.00037970975323953216,0.00017759443306908373,0.00037970975323953216,0.0005062796709860429,0.0002945693803652616,44.01984143257141,52.02317523956299,0.0,9f5a6e6e5d4a1dd5ad2cfda8b636e9d1e932d965360fd78cddd256db350fe4ea;4d2b8df1653886934840da10e99c2f363b03163a31c2949c1daec2c6c983e601;1070897a05ac088919acd4c321348963dd2ef669c4a740b4209e212ebd5296d8;cdc4cd52a12fc57152ea36838f9ce7657ff8565c9795f423d40c25af22ae8bde
s6e7_fast_medium_gbmcat_seed123_holdout22_balanced_10m,4,-0.6360467757683946,-0.8,4,0.0,0.6666666666666666,0.0003868710898786709,8.74309207807289e-05,0.0003926586537960908,0.000523544871728121,0.000299440169097942,56.77047109603882,81.02233958244324,0.0,b07a3b527ab89743affa724b885ee944d16eb8516f882afdb7bf38699a201c8e;f658c401567a3af2b19f2defd5a949c75490deedd388482eea8e82c8bd36aafb;5d49507484983b645be5609197a5b2d3921d6ce1e4ee80f3854c54627907b4de;4d2b8df1653886934840da10e99c2f363b03163a31c2949c1daec2c6c983e601
s6e7_fast_medium_gbmcat_seed123_ensemble_balanced_10m,2,,,2,1.0,,0.0008773469756195862,0.0008773469756195862,0.00012122915469525708,0.00024245830939051416,0.0008773469756195862,57.021148681640625,75.02111172676086,0.0,1752e5166e389cf96d0aa59143781fbdb4209b3385f7efafaab9743ccdec3aea;3e293d6e905e353d9551ccd4494ea32e51d373d4610bcd45e09e399123243401
s6e7_fast_medium_xgbcat_seed123_ensemble_balanced_10m,2,,,2,1.0,,0.0009265014998784404,0.0009265014998784404,3.8451742264522526e-05,7.690348452904505e-05,0.0009265014998784404,43.517473340034485,44.01803660392761,0.0,1752e5166e389cf96d0aa59143781fbdb4209b3385f7efafaab9743ccdec3aea;3e293d6e905e353d9551ccd4494ea32e51d373d4610bcd45e09e399123243401
s6e7_fast_medium_xgb_seed123_holdout22_balanced_10m,2,,,2,1.0,,0.000956661303384565,0.000956661303384565,9.995030006992867e-05,0.00019990060013985733,0.000956661303384565,31.01600682735443,34.016167879104614,0.0,1752e5166e389cf96d0aa59143781fbdb4209b3385f7efafaab9743ccdec3aea;3e293d6e905e353d9551ccd4494ea32e51d373d4610bcd45e09e399123243401
s6e7_fast_medium_xgbgbm_seed123_ensemble_balanced_10m,1,,,1,,,0.000983340800197685,0.000983340800197685,0.0,,0.000983340800197685,46.01751947402954,46.01751947402954,0.0,9f5a6e6e5d4a1dd5ad2cfda8b636e9d1e932d965360fd78cddd256db350fe4ea
s6e7_fast_medium_xgb_seed777_balanced_10m,1,,,1,,,0.001328692177334112,0.001328692177334112,0.0,,0.001328692177334112,13.013205289840698,13.013205289840698,0.0,9f5a6e6e5d4a1dd5ad2cfda8b636e9d1e932d965360fd78cddd256db350fe4ea
s6e7_fast_medium_xgb_seed123_holdout15_balanced_10m,1,,,1,,,0.0018897048469735944,0.0018897048469735944,0.0,,0.0018897048469735944,18.014370441436768,18.014370441436768,0.0,9f5a6e6e5d4a1dd5ad2cfda8b636e9d1e932d965360fd78cddd256db350fe4ea
s6e7_fast_medium_holdout10_noensemble_balanced_10m,1,,,1,,,0.002632420168831029,0.002632420168831029,0.0,,0.002632420168831029,32.014358043670654,32.014358043670654,0.0,4d2b8df1653886934840da10e99c2f363b03163a31c2949c1daec2c6c983e601
s6e7_fast_medium_gbmcat_seed123_nobalance_10m,1,,,1,,,0.06486760062559405,-0.06486760062559405,0.0,,0.06486760062559405,266.044584274292,266.044584274292,0.0,9f5a6e6e5d4a1dd5ad2cfda8b636e9d1e932d965360fd78cddd256db350fe4ea
s6e7_fast_medium_xgb_seed123_nobalance_10m,1,,,1,,,0.06521715496615432,-0.06521715496615432,0.0,,0.06521715496615432,83.02108120918274,83.02108120918274,0.0,4d2b8df1653886934840da10e99c2f363b03163a31c2949c1daec2c6c983e601
s6e7_fast_medium_holdout20_nobalance_10m,1,,,1,,,0.0702205444013907,-0.0702205444013907,0.0,,0.0702205444013907,160.03554797172546,160.03554797172546,0.0,4d2b8df1653886934840da10e99c2f363b03163a31c2949c1daec2c6c983e601
